<?xml version="1.0" encoding="UTF-8"?>
<!DOCTYPE mapper PUBLIC "-//mybatis.org//DTD Mapper 3.0//EN"
						"http://mybatis.org/dtd/mybatis-3-mapper.dtd">

<mapper namespace="com.ijw.auction.dao.AuctionMapper">

	<!-- 경매 상품 등록 -->
	<insert id="auctionInsert" parameterType="auvo"> 
		<selectKey keyProperty="anum" resultType="string" order="BEFORE">
			SELECT /*+INDEX_DESC(A SYS_C003955) */
					CONCAT(CONCAT('A',TO_CHAR(SYSDATE, 'yyyymmdd')),LPAD(NVL(MAX(SUBSTR(A.ANUM,-4)),0)+1,4,'0')) ANUM
			FROM AUCTION_GOODS A
			WHERE SUBSTR(ANUM, 2, 8) = TO_CHAR(SYSDATE, 'YYYYMMDD')
		</selectKey>
			INSERT INTO AUCTION_GOODS (
		                             ANUM
		                            ,ASORT
		                            ,ATITLE 
		                            ,ALOC
		                            ,APHOTO
		                            ,AREPHOTO
		                            ,APRICEMIN
		                            ,AENDTIME
		                            ,ACONTENTS
		                            ,ASTATUS
		                            ,ADELYN
		                            ,AREGDATE
		                            ,AUPDATE
		                            ,MNUM
		                            ,CGNUM
								)VALUES(
		                             #{anum}							  		--경매상품번호        
		                            ,#{asort}						      		--상품 구분(3: 경매)
		                            ,#{atitle}						      		--제목
		                            ,#{aloc}						      		--지역
		                            ,#{aphoto}						      		--사진
		                            ,#{arephoto}						  		--썸네일 사진    
		                            ,#{apricemin}					      		--최소가격
		                            ,SYSTIMESTAMP+ TO_NUMBER(#{aendtime})/24	--종료시간 
		                            ,#{acontents}							    --상품내용
		                            ,#{astatus}									--상품상태
		                            ,#{adelyn}									--삭제여부
		                            ,SYSDATE									--등록일
		                            ,SYSDATE								  	--수정일
		                            ,#{mnum}						   			--회원번호
		                            ,#{cgnum}									--카테고리번호
		)
	</insert>
	
	<!-- 게시판 목록 조회 -->
	<select id="auctionList" parameterType="auvo" resultType="auvo">
		SELECT A.* , TO_CHAR(NVL((SELECT 
		                		MAX(TO_NUMBER(BPRICE))
		                  FROM 
		                 		BID_LIST B
		                  WHERE 
		                 		B.ANUM	=	A.ANUM), REPLACE(APRICEMIN,',')),'FM9,999,999')
		                                                							AS BIDHIGHPRICE --현재 최고가격
		FROM(SELECT
                       A.ANUM                             							AS ANUM		--상품번호
                      ,A.ASORT                            							AS ASORT	--상품구분(3: 경매)
                      ,A.ATITLE                           							AS ATITLE	--제목
                      ,A.ALOC                             							AS ALOC		--지역
                      ,A.AREPHOTO                           						AS AREPHOTO	--썸네일 사진
                      ,A.APRICEMIN                        							AS APRICEMIN--최소가격
                      ,A.AENDTIME                         							AS AENDTIME	--종료시간
                      ,A.ASTATUS                          							AS ASTATUS	--상품상태
                      ,A.ADELYN                           							AS ADELYN	--삭제여부
                      ,TO_CHAR(TO_DATE(A.AREGDATE),'YYYY/MM/DD')   				AS AREGDATE	--등록일
                      ,A.MNUM                             							AS MNUM		--회원번호
                      ,A.CGNUM                           							AS CGNUM	--카테고리번호
                      ,CEIL(ROW_NUMBER() OVER(ORDER BY A.ANUM DESC) /#{pagesize}) 	AS CURPAGE	--현재페이지
	   		 	   ,COUNT(A.ANUM) OVER() 										AS TOTALCOUNT --조회된 총 상품 수
			FROM 			
					 AUCTION_GOODS A 
			WHERE		
							A.ADELYN							='N'
			<!-- 진행중인 경매 상품만 보여주기  
				AND			A.AENDTIME>SYSDATE  --> 
			<if test="cgnum!=null and cgnum!=''">
			AND 			CGNUM	=	#{cgnum}
			</if>
			<if test="dateFrom!=null and dateTo!=null and dateFrom!=''and dateTo!=''">
				<![CDATA[ 
			AND (   	TO_CHAR(TO_DATE(AREGDATE),'YY/MM/DD')>=TO_CHAR(TO_DATE(#{dateFrom}),'YY/MM/DD')
					AND TO_CHAR(TO_DATE(AREGDATE),'YY/MM/DD')<=TO_CHAR(TO_DATE(#{dateTo}),'YY/MM/DD') )]]>
			</if>
			<if test="atitle != null and atitle != ''">
				<![CDATA[
				AND     A.ATITLE LIKE '%' || #{atitle} || '%'
				]]>
			</if>
			ORDER BY A.ANUM DESC
		) A
		WHERE  CURPAGE	=	#{curpage}
	</select>
	
		
	<!-- 글 목록 상세보기  -->
	<select id="auctionViewDetail" parameterType="auvo" resultType="auvo">
			SELECT
	                 A.ANUM                             	AS ANUM          --경매상품번호             
	                ,A.ASORT                            	AS ASORT         --상품 구분(3: 경매)       
	                ,A.ATITLE                           	AS ATITLE        --제목                 
	                ,A.ALOC                             	AS ALOC          --지역                 
	                ,A.APHOTO                           	AS APHOTO        --사진                 
	                ,A.AREPHOTO                           	AS AREPHOTO      --썸네일 사진             
	                ,TO_CHAR(A.APRICEMIN,'FM9,999,999')     AS APRICEMIN     --최소가격               
	                ,A.AENDTIME                         	AS AENDTIME      --종료시간               
	                ,A.ACONTENTS                        	AS ACONTENTS     --상품내용               
	                ,A.ASTATUS                          	AS ASTATUS       --상품상태               
	                ,A.ADELYN                           	AS ADELYN        --삭제여부               
	                ,TO_CHAR(A.AREGDATE,'YYYY/MM/DD')   	AS AREGDATE      --등록일                
	                ,TO_CHAR(A.AUPDATE,'YYYY/MM/DD')    	AS AUPDATE       --수정일                
	                ,A.MNUM                             	AS MNUM          --회원번호               
	                ,A.CGNUM                            	AS CGNUM         --카테고리번호             
	                ,TO_CHAR(NVL((
	                	SELECT MAX(TO_NUMBER(BPRICE))
                        FROM BID_LIST
                        WHERE ANUM=#{anum}), APRICEMIN),'FM9,999,999')
	                        								AS BIDHIGHPRICE
	                   ,B.MID								AS MID
			FROM 		
						AUCTION_GOODS A,MEMBER_LIST B 
			WHERE 		
						A.ANUM								=	#{anum}
			AND 
						A.MNUM=B.MNUM
						
	</select>
	
	<!-- 글 수정하기 조회  -->
	<select id="auctionUpdateView" parameterType="auvo" resultType="auvo"> 
			SELECT
		                 A.ANUM                             		AS ANUM        --경매상품번호             
		                ,A.ASORT                            		AS ASORT       --상품 구분(3: 경매)       
		                ,A.ATITLE                        			AS ATITLE      --제목                 
		                ,A.ALOC                             		AS ALOC        --지역                 
		                ,A.APHOTO                           		AS APHOTO      --사진                 
		                ,A.AREPHOTO                           		AS AREPHOTO    --썸네일 사진                 
		                ,TO_CHAR(A.APRICEMIN,'FM9,999,999')			AS APRICEMIN   --최소가격                        
		                ,A.AENDTIME                         		AS AENDTIME    --종료시간             
		                ,A.ACONTENTS                        		AS ACONTENTS   --상품내용             
		                ,A.ASTATUS                          		AS ASTATUS     --상품상태             
		                ,A.ADELYN                           		AS ADELYN      --삭제여부             
		                ,TO_CHAR(TO_DATE(A.AREGDATE),'YYYY/MM/DD')  AS AREGDATE    --등록일              
		                ,A.MNUM                             		AS MNUM        --회원번호            
		                ,A.CGNUM                            		AS CGNUM       --카테고리번호           
			FROM 		                                                              
						AUCTION_GOODS A 
			WHERE 		
						A.ANUM								=#{anum}
	</select>
	
	<!-- 글 수정하기(update) -->
	<update id="auctionUpdate" parameterType="auvo">
			UPDATE 		AUCTION_GOODS A
			SET        
			             ATITLE			=	#{atitle}								--제목 
			            ,ALOC			=	#{aloc}									--지역
			            ,APHOTO			=	#{aphoto}								--사진
			            ,AREPHOTO		=	#{arephoto}								--사진
			            ,APRICEMIN		=	#{apricemin}							--최소가격
			            ,AENDTIME		=	SYSTIMESTAMP+ TO_NUMBER(#{aendtime})/24	--종료시간
			            ,ACONTENTS		=	#{acontents}							--설명
			            ,AUPDATE		=	SYSDATE									--수정일
			            ,CGNUM			=	#{cgnum}								--카테고리번호
			WHERE 			
						ANUM			=	#{anum}									--경매상품번호
			AND         
						ADELYN			=	'N'										--삭제여부
	</update>
	
	<!-- 경매상품 글 삭제(update) -->
	<update id="auctionDelete" parameterType="auvo">
			UPDATE 	AUCTION_GOODS A
			SET 
					A.ADELYN	=	'Y'
			WHERE 	
					A.ANUM		=	#{anum}		--경매상품번호
	</update>
	
	<!-- 경매 종료된 상품 찾기 -->
	<select id="autoSelect" parameterType="auvo" resultType="auvo">
		SELECT 
				 A.ANUM			AS ANUM
				,A.MNUM         AS MNUM
		FROM 
				 AUCTION_GOODS A
		WHERE 
				<![CDATA[A.AENDTIME<SYSTIMESTAMP]]>
		AND 
				 A.ASTATUS		=	'1'			--상품상태(1:경매 진행중)
	</select>
	
	<!-- 경매 종료된 상품 상태 바꾸기(astatus - 2) -->
	<update id="auctionUpdateEnd" parameterType="auvo">
			UPDATE  AUCTION_GOODS A
			SET 
					 A.ASTATUS	=	'2'			--상품상태(2: 종료)
					,A.AUPDATE	=	SYSDATE		--수정일
			WHERE 
					 A.ANUM		=	#{anum}		--경매상품번호
	</update>
	

</mapper>	
