<?xml version="1.0" encoding="UTF-8"?>
<!DOCTYPE mapper PUBLIC "-//mybatis.org//DTD Mapper 3.0//EN"
						"http://mybatis.org/dtd/mybatis-3-mapper.dtd">
<mapper namespace="com.ijw.general.dao.GeneralDao">
	<!-- 전체 목록 : generalAllList ++페이징 테스트 ========================== -->
	<select id="generalAllList" parameterType="gvo" resultType="gvo">
	SELECT * FROM (
	                  SELECT  
	                            MNUM
	                           ,CGNUM
	                           ,GNUM
	                           ,GSORT
	                           ,GTITLE
	                           ,GLOC
	                           ,GPHOTO
	                           ,GPRICE
	                           ,GCONTENTS
	                           ,GSTATUS
	                           ,GDELYN
	                           ,TO_CHAR(GREGDATE, 'YYYY-MM-DD') AS GREGDATE
	                           ,TO_CHAR(GUPDATE, 'YYYY-MM-DD') AS GUPDATE
	                           ,CEIL(ROW_NUMBER() OVER(ORDER BY A.GNUM) / #{pagesize} ) AS CURPAGE 
	                           ,COUNT(A.GNUM) OVER() AS TOTALCOUNT --총 데이터 수
	                  FROM      GENERAL_GOODS A
	                  WHERE     GDELYN = 'N'
	              )
	-- ? : CURPAGE 현재 페이지
	WHERE CURPAGE = #{curpage}
	</select>
	
	<!-- 
	전체 목록 : generalAllList ==========================
	<select id="generalAllList" parameterType="gvo" resultType="gvo">
		SELECT  
				 MNUM                           AS MNUM     
				,CGNUM                          AS CGNUM    
				,GNUM                           AS GNUM     
				,GSORT                          AS GSORT    
				,GTITLE                         AS GTITLE   
				,GLOC                           AS GLOC     
				,GREGCODE                       AS GREGCODE 
				,GPHOTO                         AS GPHOTO   
				,GPRICE                         AS GPRICE   
				,GCONTENTS                      AS GCONTENTS
				,GSTATUS                        AS GSTATUS  
				,GDELYN                         AS GDELYN   
				,TO_CHAR(GREGDATE, 'YYYY-MM-DD')AS GREGDATE
				,TO_CHAR(GUPDATE, 'YYYY-MM-DD') AS GUPDATE
		FROM GENERAL_GOODS
		WHERE    GDELYN = 'N'
		ORDER BY GNUM DESC
	</select>
	 -->
	
	<!-- 사자 목록 : generalSList ========================== -->
	<select id="generalSList" parameterType="gvo" resultType="gvo">
	SELECT * FROM (
	                  SELECT  
	                            MNUM
	                           ,CGNUM
	                           ,GNUM
	                           ,GSORT
	                           ,GTITLE
	                           ,GLOC
	                           ,GREPHOTO
	                           ,TO_CHAR(GPRICE, 'FM9,999,999,999') AS GPRICE
	                           ,GCONTENTS
	                           ,GSTATUS
	                           ,GDELYN
	                           ,TO_CHAR(GREGDATE, 'YYYY-MM-DD') AS GREGDATE
	                           ,TO_CHAR(GUPDATE, 'YYYY-MM-DD') AS GUPDATE
	                           ,CEIL(ROW_NUMBER() OVER(ORDER BY A.GNUM DESC) /  #{pagesize} ) AS CURPAGE 
	                           ,COUNT(A.GNUM) OVER() AS TOTALCOUNT --총 데이터 수
	                           ,NVL(NULL,#{pagesize}) AS PAGESIZE
            				   ,NVL(NULL, #{groupsize}) AS GROUPSIZE
	                  FROM      GENERAL_GOODS A
	                  WHERE     GDELYN = 'N'
	                  AND 	  GSORT = '1'
	                  <if test="cgnum!=null and cgnum!=''">
					  AND CGNUM	=	#{cgnum}
					  </if>
					  <if test="dateFrom!=null and dateTo!=null and dateFrom!=''and dateTo!=''">
						<![CDATA[ 
							AND (
								        TO_CHAR(TO_DATE(GREGDATE),'YY/MM/DD')>=TO_CHAR(TO_DATE(#{dateFrom}),'YY/MM/DD')
								    AND TO_CHAR(TO_DATE(GREGDATE),'YY/MM/DD')<=TO_CHAR(TO_DATE(#{dateTo}),'YY/MM/DD') )
						]]>
					  </if>
  					  <if test="gtitle != null and gtitle != ''">
						<![CDATA[
							AND     GTITLE LIKE '%' || #{gtitle} || '%'
						]]>
					  </if>
					  ORDER BY  GNUM DESC
	              )
	-- ? : CURPAGE 현재 페이지
	WHERE CURPAGE = #{curpage}
	</select>
	
	<!-- 판다 목록 : generalPList ========================== -->
	<select id="generalPList" parameterType="gvo" resultType="gvo">
	SELECT * FROM (
	                  SELECT  
	                            MNUM
	                           ,CGNUM
	                           ,GNUM
	                           ,GSORT
	                           ,GTITLE
	                           ,GLOC
	                           ,GREPHOTO
	                           ,TO_CHAR(GPRICE,'FM9,999,999,999') GPRICE
	                           ,GCONTENTS
	                           ,GSTATUS
	                           ,GDELYN
	                           ,TO_CHAR(GREGDATE, 'YYYY-MM-DD') AS GREGDATE
	                           ,TO_CHAR(GUPDATE, 'YYYY-MM-DD') AS GUPDATE
	                           ,CEIL(ROW_NUMBER() OVER(ORDER BY A.GNUM DESC) /  #{pagesize} ) AS CURPAGE 
	                           ,COUNT(A.GNUM) OVER() AS TOTALCOUNT --총 데이터 수
	                           ,NVL(NULL,#{pagesize}) AS PAGESIZE
            				   ,NVL(NULL, #{groupsize}) AS GROUPSIZE
	                  FROM      GENERAL_GOODS A
	                  WHERE     GDELYN = 'N'
	           		  AND 	  GSORT = '2'
	           		   <if test="cgnum!=null and cgnum!=''">
					  AND CGNUM	=	#{cgnum}
					  </if>
					  <if test="dateFrom!=null and dateTo!=null and dateFrom!=''and dateTo!=''">
						<![CDATA[ 
							AND (
								        TO_CHAR(TO_DATE(GREGDATE),'YY/MM/DD')>=TO_CHAR(TO_DATE(#{dateFrom}),'YY/MM/DD')
								    AND TO_CHAR(TO_DATE(GREGDATE),'YY/MM/DD')<=TO_CHAR(TO_DATE(#{dateTo}),'YY/MM/DD') )
						]]>
					  </if>
  					  <if test="gtitle != null and gtitle != ''">
						<![CDATA[
							AND     GTITLE LIKE '%' || #{gtitle} || '%'
						]]>
					  </if>
					   ORDER BY  GNUM DESC
	              )
	-- ? : CURPAGE 현재 페이지
	WHERE CURPAGE = #{curpage}
	</select>
	
	<!-- 글 상세 : generalSelect ======================== -->
	<select id="generalSelect" parameterType="gvo" resultType="gvo">
		SELECT  
				 A.MNUM                            AS MNUM      
				,A.CGNUM                           AS CGNUM     
				,A.GNUM                            AS GNUM      
				,A.GSORT                           AS GSORT     
				,A.GTITLE                          AS GTITLE    
				,A.GLOC                            AS GLOC      
				,A.GREGCODE                        AS GREGCODE  
				,A.GPHOTO                          AS GPHOTO
				,A.GREPHOTO                          AS GREPHOTO   				    
				,TO_CHAR(A.GPRICE,'FM9,999,999,999')                          AS GPRICE    
				,A.GCONTENTS                       AS GCONTENTS 
				,A.GSTATUS                         AS GSTATUS   
				,A.GDELYN                          AS GDELYN    
				,TO_CHAR(A.GREGDATE, 'YYYY-MM-DD') AS GREGDATE
				,TO_CHAR(A.GUPDATE, 'YYYY-MM-DD')  AS GUPDATE
				,B.MID 							   AS MID
		FROM  GENERAL_GOODS A, MEMBER_LIST B
		WHERE GNUM = #{gnum}
		AND A.MNUM = B.MNUM
	
	</select>
	<!-- 글 입력 : generalInsert ======================== -->
	<insert id="generalInsert" parameterType="gvo" >
		<selectKey keyProperty="gnum" resultType="String" order="BEFORE">
			SELECT  /*+ INDEX_DESC(A SYS_C003960)*/
			'G' || TO_CHAR(SYSDATE, 'YYYYMMDD') || LPAD(NVL(MAX(SUBSTR(A.GNUM, -4)), 0) + 1, 4, '0') 
			FROM GENERAL_GOODS A
		</selectKey>
		INSERT INTO GENERAL_GOODS(
				--회원 요소
			      MNUM               --회원번호
				, CGNUM				 --카테고리 코드
			    , GNUM               --일반 상품번호
			    , GSORT              --구분
			    , GTITLE             --제목
			    , GLOC               --거래지역
			    , GREGCODE			 --법정동코드
			    , GPHOTO             --사진
			    , GREPHOTO			 --리사이즈사진
			    , GPRICE             --가격
			    , GCONTENTS          --설명
			    , GSTATUS            --상태
			    --시스템요소
			    , GDELYN             --삭제여부
			    , GREGDATE           --등록일
			    , GUPDATE            --수정일
			)VALUES(
				--회원 요소
				  #{mnum}            --회원번호
				, #{cgnum}			 --카테고리 코드
				--일반요소
			    , #{gnum}            --일반 상품번호
			    , #{gsort}           --구분
			    , #{gtitle}          --제목
			    , #{gloc}            --거래지역
			    , #{gregcode}		 --법정동코드
			    , #{gphoto}          --사진
			    , #{grephoto}		 --리사이즈사진
			    , #{gprice}          --가격
			    , #{gcontents}       --설명
			    , #{gstatus}         --상태
			    --시스템요소
			    , 'N'                --삭제여부 : GDELYN
			    , SYSDATE            --등록일    : GREGDATE
			    , SYSDATE            --수정일    : GUPDATE
		)
	</insert>
	
	<!-- 글 수정 : generalUpdate ======================== -->
	<update id="generalUpdate" parameterType="gvo" >
		UPDATE GENERAL_GOODS SET
	          CGNUM      = #{cgnum}      --카테고리 코드
	        , GSORT      = #{gsort}      --구분
	        , GTITLE     = #{gtitle}     --제목
	        , GLOC       = #{gloc}       --거래지역
	        , GREGCODE   = #{gregcode}   --법정동코드
	        , GPHOTO     = #{gphoto}     --사진
     	    , GREPHOTO     = #{grephoto} --리사이즈사진
	        , GPRICE     = #{gprice}     --가격
	        , GCONTENTS  = #{gcontents}  --설명
	        , GSTATUS    = #{gstatus}    --상태
	        , GUPDATE    = SYSDATE       --수정일
		WHERE GNUM       = #{gnum}       --상품번호
										 --회원번호 필요		    
		AND   GDELYN     = 'N'           --삭제여부
	</update>
		
	<!-- 글 삭제 : generalDelete ======================== -->
	<update id="generalDelete" parameterType="gvo">
		UPDATE GENERAL_GOODS
		SET    GDELYN  = 'Y'
		      ,GUPDATE = SYSDATE
		WHERE  GNUM    = #{gnum}   --상품번호 기준
	</update>
	
	<!-- 정규.========================================================================= -->
	<select id="generalSelectLocal" parameterType="gvo" resultType="gvo">
		SELECT *
		FROM (
		SELECT  
		        G.GNUM                                          AS GNUM         -- 일반 상품번호
		       ,G.GSORT                                         AS GSORT        -- 구분
		       ,G.GTITLE                                        AS GTITLE       -- 제목
		       ,G.GLOC                                          AS GLOC         -- 거래지역
		       ,G.GREGCODE                                      AS GREGCODE     -- 법정동코드
		       ,G.GPHOTO                                        AS GPHOTO       -- 사진
		       ,TO_CHAR(G.GPRICE,'FM9,999,999,999')                                        AS GPRICE       -- 가격
		       ,G.GCONTENTS                                     AS GCONTENTS    -- 설명
		       ,G.GSTATUS                                       AS GSTATUS      -- 상태
		       ,G.GDELYN                                        AS GDELYN       -- 삭제여부
		       ,G.GREGDATE                                      AS GREGDATE     -- 등록일
		       ,G.GUPDATE                                       AS GUPDATE      -- 수정일
		       ,G.MNUM                                          AS MNUM         -- 회원번호
		       ,G.CGNUM                                         AS CGNUM        -- 코드
		       ,CEIL(ROW_NUMBER() OVER(ORDER BY G.GNUM DESC)/#{pagesize, jdbcType=VARCHAR}) AS CURPAGE      -- 페이지 번호
		       ,COUNT(G.GNUM) OVER()                            AS TOTALCOUNT   -- 총 데이터 수
		       ,#{groupsize, jdbcType=VARCHAR}                  AS GROUPSIZE    -- 그룹 사이즈
		       ,#{pagesize, jdbcType=VARCHAR}                   AS PAGESIZE     -- 페이지 사이즈
		FROM    GENERAL_GOODS G
		
		WHERE   SUBSTR(G.GREGCODE, 0, 8) = SUBSTR(#{gregcode, jdbcType=VARCHAR}, 0, 8)
		<if test="cgnum != null and cgnum != ''">
		<![CDATA[
		AND     G.CGNUM = #{cgnum, jdbcType=VARCHAR}
		]]>
		</if>
		<if test="gsort != null and gsort != ''">
		AND     G.GSORT = #{gsort, jdbcType=VARCHAR}
		</if>
		<if test="dateFrom != null and dateFrom != ''">
		<![CDATA[
		AND     TO_CHAR(TO_DATE(G.GREGDATE), 'YYYY/MM/DD')
		     >= TO_CHAR(TO_DATE(#{dateFrom, jdbcType=VARCHAR}), 'YYYY/MM/DD')
		]]>
		</if>
		<if test="dateTo != null and dateTo != ''">
		<![CDATA[
		AND     TO_CHAR(TO_DATE(G.GREGDATE), 'YYYY/MM/DD')
		     <= TO_CHAR(TO_DATE(#{dateTo, jdbcType=VARCHAR}), 'YYYY/MM/DD')
		]]>
		</if>
		<if test="gtitle != null and gtitle != ''">
		<![CDATA[
		AND     G.GTITLE LIKE '%' || #{gtitle, jdbcType=VARCHAR} || '%'
		]]>
		</if>
		)
		WHERE
		        CURPAGE = #{curpage, jdbcType=VARCHAR}
	</select>

	<select id="generalSelectCount" parameterType="regvo" resultType="generalcountvo">
		SELECT
		        GC.REGCODE         AS REGCODE
		       ,SUM(GC.SAJA)       AS SAJA
		       ,SUM(GC.PANDA)      AS PANDA
		FROM (
		SELECT
		        SUBSTR(G.GREGCODE, 0, 8) || '00'    AS REGCODE
		       ,DECODE(G.GSORT, '1', 1, 0)          AS SAJA
		       ,DECODE(G.GSORT, '2', 1, 0)          AS PANDA
		FROM    GENERAL_GOODS G
		<![CDATA[
		WHERE   SUBSTR(G.GREGCODE, 0, 5) = SUBSTR(#{regcode, jdbcType=VARCHAR}, 0, 5)
		AND     SUBSTR(G.GREGCODE, -5, 3) != '000'
		AND     G.GSTATUS = '1'
		AND     TO_CHAR(TO_DATE(G.GREGDATE), 'YYYY/MM/DD') >= TO_CHAR(TO_DATE(ADD_MONTHS(SYSDATE, -1)), 'YYYY/MM/DD')
		]]>
		) GC
		GROUP BY GC.REGCODE
	</select>

</mapper>